{"PtxlPK4V5x5cm+HVmMxo7g==":"monitor-512x512.png","lCs18CI0jC8PrPPcbMpQSg==":"mbr-1620x1080.jpg","XqlJS+EcJKa6bx6D27avYg==":"mbr-1-1620x1080.jpg","9oSo+m7m0t34N0WLJ+x7hQ==":"mbr-720x1080.jpg","uB0/JtVIAwAHaWN67WY/1w==":"mbr-1352x1080.jpg","dHQsaAgx3xir47t7xhFsrA==":"computer-1836330-1920x943.png","9kaXnynXOUpYOWShJdRJZA==":"3031443-poster-p-1-why-does-world-need-more-programming-lng-1920x1080.jpg","x1hP1gX+2NfPXCv1b9VNgg==":"gis-programming-in-python-678x322.png","Uptpym4U+SkX0Qy4vSOw7A==":"logo-800x800.png","ozksgJEp2e8lcADKkmuWdw==":"favicon-215x203.png","8Duo3lHlTiHgzHQY8pKe1Q==":"favicon-rounded.png","+MXJQL2c3Ai5hNIL5H/cEg==":"mbr.jpg","fnR+H5LSYe9GftndCIVq5A==":"mbr-1.jpg","HzJ/BYaAYH7psfZtZeyJew==":"favicon-rounded-1.png","7Qqvqcq8hIFd1KR0/vp1hA==":"mbr-2.jpg","jEdDKC6+LeaTF9dlLfU0pA==":"mbr-3.jpg"}